[2019-07-25 22:36:10]	run	elapsedTime	successRate
[2019-07-25 22:38:54]	1/51	0:00:00	0
[2019-07-25 22:41:34]	2/51	0:02:38	0
[2019-07-25 22:44:15]	3/51	0:05:18	0
[2019-07-25 22:46:55]	4/51	0:07:59	0
[2019-07-25 22:49:36]	5/51	0:10:39	0
[2019-07-25 22:52:17]	6/51	0:13:20	0
[2019-07-25 22:54:57]	7/51	0:16:01	0
[2019-07-25 22:57:37]	8/51	0:18:41	0
[2019-07-25 23:00:17]	9/51	0:21:21	0
[2019-07-25 23:02:57]	10/51	0:24:01	0
[2019-07-25 23:05:37]	11/51	0:26:41	0
[2019-07-25 23:08:18]	12/51	0:29:21	0
[2019-07-25 23:10:58]	13/51	0:32:02	0
[2019-07-25 23:11:23]	14/51	0:34:42	1
[2019-07-25 23:14:04]	15/51	0:35:07	1
[2019-07-25 23:16:43]	16/51	0:37:48	1
[2019-07-25 23:19:23]	17/51	0:40:27	1
[2019-07-25 23:22:04]	18/51	0:43:07	1
[2019-07-25 23:24:45]	19/51	0:45:48	1
[2019-07-25 23:27:24]	20/51	0:48:29	1
[2019-07-25 23:30:05]	21/51	0:51:08	1
[2019-07-25 23:32:47]	22/51	0:53:49	1
[2019-07-25 23:35:27]	23/51	0:56:31	1
[2019-07-25 23:38:08]	24/51	0:59:11	1
[2019-07-25 23:40:49]	25/51	1:01:51	1
[2019-07-25 23:43:29]	26/51	1:04:33	1
[2019-07-25 23:46:10]	27/51	1:07:13	1
[2019-07-25 23:46:40]	28/51	1:09:54	2
[2019-07-25 23:49:21]	29/51	1:10:24	2
[2019-07-25 23:52:02]	30/51	1:13:05	2
[2019-07-25 23:54:42]	31/51	1:15:46	2
[2019-07-25 23:57:23]	32/51	1:18:26	2
[2019-07-26 00:00:03]	33/51	1:21:07	2
[2019-07-26 00:02:44]	34/51	1:23:47	2
[2019-07-26 00:05:23]	35/51	1:26:28	2
[2019-07-26 00:08:03]	36/51	1:29:07	2
[2019-07-26 00:10:44]	37/51	1:31:47	2
[2019-07-26 00:11:10]	38/51	1:34:28	3
[2019-07-26 00:13:50]	39/51	1:34:54	3
[2019-07-26 00:16:31]	40/51	1:37:34	3
[2019-07-26 00:19:12]	41/51	1:40:15	3
[2019-07-26 00:21:52]	42/51	1:42:55	3
[2019-07-26 00:24:32]	43/51	1:45:36	3
[2019-07-26 00:27:15]	44/51	1:48:16	3
[2019-07-26 00:29:56]	45/51	1:50:59	3
[2019-07-26 00:32:38]	46/51	1:53:40	3
[2019-07-26 00:35:21]	47/51	1:56:22	3
[2019-07-26 00:35:56]	48/51	1:59:05	4
[2019-07-26 00:38:58]	49/51	1:59:40	4
[2019-07-26 00:39:31]	50/51	2:02:42	5
[2019-07-26 00:42:32]	51/51	2:03:15	5
